"","Species"
"1","Acanthastrea brevis"
"2","Acanthastrea faviaformis"
"3","Acanthastrea hemprichii"
"4","Acanthastrea hillae"
"5","Acanthastrea ishigakiensis"
"6","Acanthastrea lordhowensis"
"7","Acanthastrea maxima"
"8","Acanthastrea rotundoflora"
"9","Acanthastrea subechinata"
"10","Acanthixalus sonjae"
"11","Acanthopagrus vagus"
"12","Acinonyx jubatus"
"13","Acrocephalus griseldis"
"14","Acrocephalus paludicola"
"15","Acropora aculeus"
"16","Acropora acuminata"
"17","Acropora anthocercis"
"18","Acropora appressa"
"19","Acropora arabensis"
"20","Acropora austera"
"21","Acropora digitifera"
"22","Acropora divaricata"
"23","Acropora donei"
"24","Acropora echinata"
"25","Acropora florida"
"26","Acropora formosa"
"27","Acropora glauca"
"28","Acropora granulosa"
"29","Acropora hemprichii"
"30","Acropora horrida"
"31","Acropora humilis"
"32","Acropora hyacinthus"
"33","Acropora listeri"
"34","Acropora loripes"
"35","Acropora lovelli"
"36","Acropora microclados"
"37","Acropora millepora"
"38","Acropora monticulosa"
"39","Acropora nana"
"40","Acropora nasuta"
"41","Acropora paniculata"
"42","Acropora pharaonis"
"43","Acropora polystoma"
"44","Acropora retusa"
"45","Acropora secale"
"46","Acropora selago"
"47","Acropora solitaryensis"
"48","Acropora spicifera"
"49","Acropora tenuis"
"50","Acropora vaughani"
"51","Acropora verweyi"
"52","Acropora willisae"
"53","Addax nasomaculatus"
"54","Aetobatus narinari"
"55","Aetomylaeus vespertilio"
"56","Afrithelphusa monodosa"
"57","Afrixalus clarkei"
"58","Afrixalus dorsimaculatus"
"59","Afrixalus enseticola"
"60","Afrixalus knysnae"
"61","Afrixalus lacteus"
"62","Afrixalus morerei"
"63","Afrixalus nigeriensis"
"64","Afrixalus spinifrons"
"65","Afrixalus sylvaticus"
"66","Afrixalus uluguruensis"
"67","Afrixalus vibekensis"
"68","Afrocarpus dawei"
"69","Afrocarpus usambarensis"
"70","Afropavo congensis"
"71","Afrotis afra"
"72","Agapornis fischeri"
"73","Agapornis lilianae"
"74","Agapornis nigrigenis"
"75","Agelastes meleagrides"
"76","Alexteroon jynx"
"77","Alopias pelagicus"
"78","Alopias superciliosus"
"79","Alopias vulpinus"
"80","Altiphrynoides malcolmi"
"81","Altiphrynoides osgoodi"
"82","Alveopora allingi"
"83","Alveopora daedalea"
"84","Alveopora fenestrata"
"85","Alveopora spongiosa"
"86","Alveopora verrilliana"
"87","Alveopora viridis"
"88","Amblysomus corriae"
"89","Amblysomus marleyi"
"90","Amblysomus robustus"
"91","Amblysomus septentrionalis"
"92","Amietia inyangae"
"93","Amietia johnstoni"
"94","Amietia tenuoplicata"
"95","Amietia vertebralis"
"96","Ammodorcas clarkei"
"97","Ammotragus lervia"
"98","Anhydrophryne ngongoniensis"
"99","Anhydrophryne rattrayi"
"100","Anomastraea irregularis"
"101","Anthreptes reichenowi"
"102","Anthreptes rubritorques"
"103","Anthropoides paradiseus"
"104","Anthus sokokensis"
"105","Aonyx capensis"
"106","Aonyx congicus"
"107","Apalis chariessa"
"108","Apalis flavigularis"
"109","Apalis fuscigularis"
"110","Apalis karamojae"
"111","Apalis lynesi"
"112","Aquila adalberti"
"113","Aquila heliaca"
"114","Ardenna grisea"
"115","Ardeola idae"
"116","Ardeotis arabs"
"117","Ardeotis kori"
"118","Argyrozona argyrozona"
"119","Arlequinus krebsi"
"120","Arothron inconditus"
"121","Arthroleptella drewesii"
"122","Arthroleptella landdrosia"
"123","Arthroleptella lightfooti"
"124","Arthroleptella rugosa"
"125","Arthroleptella subvoce"
"126","Arthroleptides dutoiti"
"127","Arthroleptides martiensseni"
"128","Arthroleptides yakusini"
"129","Arthroleptis aureoli"
"130","Arthroleptis bioko"
"131","Arthroleptis crusculum"
"132","Arthroleptis fichika"
"133","Arthroleptis francei"
"134","Arthroleptis kidogo"
"135","Arthroleptis krokosua"
"136","Arthroleptis kutogundua"
"137","Arthroleptis nguruensis"
"138","Arthroleptis nikeae"
"139","Arthroleptis perreti"
"140","Arthroleptis tanneri"
"141","Arthroleptis troglodytes"
"142","Arthroleptis xenodactylus"
"143","Artisornis moreaui"
"144","Arvicanthis blicki"
"145","Astreopora cucullata"
"146","Astreopora expansa"
"147","Astylosternus diadematus"
"148","Astylosternus fallax"
"149","Astylosternus laticephalus"
"150","Astylosternus laurenti"
"151","Astylosternus montanus"
"152","Astylosternus nganhanus"
"153","Astylosternus perreti"
"154","Astylosternus ranoides"
"155","Astylosternus rheophilus"
"156","Astylosternus schioetzi"
"157","Atya intermedia"
"158","Aythya nyroca"
"159","Balaeniceps rex"
"160","Balaenoptera borealis"
"161","Balaenoptera musculus"
"162","Balaenoptera physalus"
"163","Balearica pavonina"
"164","Balearica regulorum"
"165","Balebreviceps hillmani"
"166","Bathmocercus cerviniventris"
"167","Batis minima"
"168","Bdeogale jacksoni"
"169","Bdeogale omnivora"
"170","Beatragus hunteri"
"171","Blastomussa wellsi"
"172","Bleda eximius"
"173","Bolbometopon muricatum"
"174","Boulengerula changamwensis"
"175","Boulengerula niedeni"
"176","Boulengerula taitana"
"177","Bradypodion caffer"
"178","Bradypodion taeniabronchum"
"179","Bradypterus bangwaensis"
"180","Bradypterus grandis"
"181","Bradypterus graueri"
"182","Bradypterus sylvaticus"
"183","Breviceps bagginsi"
"184","Breviceps gibbosus"
"185","Breviceps macrops"
"186","Breviceps sylvestris"
"187","Bubo shelleyi"
"188","Bucorvus leadbeateri"
"189","Bugeranus carunculatus"
"190","Bulweria fallax"
"191","Bunolagus monticularis"
"192","Buteo oreophilus"
"193","Bycanistes cylindricus"
"194","Cacosternum capense"
"195","Calidris pusilla"
"196","Calidris subruficollis"
"197","Calidris tenuirostris"
"198","Callixalus pictus"
"199","Callulina dawida"
"200","Callulina hanseni"
"201","Callulina kanga"
"202","Callulina kisiwamsitu"
"203","Callulina laphami"
"204","Callulina meteora"
"205","Callulina shengena"
"206","Callulina stanleyi"
"207","Calonectris edwardsii"
"208","Campethera notata"
"209","Canis simensis"
"210","Capensibufo rosei"
"211","Capra walie"
"212","Caprimulgus prigoginei"
"213","Caprimulgus solala"
"214","Caracal aurata"
"215","Carcharhinus albimarginatus"
"216","Carcharhinus amblyrhynchoides"
"217","Carcharhinus amblyrhynchos"
"218","Carcharhinus brachyurus"
"219","Carcharhinus brevipinna"
"220","Carcharhinus falciformis"
"221","Carcharhinus leucas"
"222","Carcharhinus limbatus"
"223","Carcharhinus longimanus"
"224","Carcharhinus macloti"
"225","Carcharhinus melanopterus"
"226","Carcharhinus obscurus"
"227","Carcharhinus plumbeus"
"228","Carcharhinus signatus"
"229","Carcharhinus sorrah"
"230","Carcharias taurus"
"231","Carcharodon carcharias"
"232","Cardioglossa alsco"
"233","Cardioglossa manengouba"
"234","Cardioglossa melanogaster"
"235","Cardioglossa nigromaculata"
"236","Cardioglossa oreas"
"237","Cardioglossa pulchra"
"238","Cardioglossa schioetzi"
"239","Cardioglossa trifasciata"
"240","Cardioglossa venusta"
"241","Caridina bunyonyiensis"
"242","Caridina gordonae"
"243","Caridina pseudonilotica"
"244","Caridina sodenensis"
"245","Caridina subventralis"
"246","Carpitalpa arendsi"
"247","Catalaphyllia jardinei"
"248","Caulastrea connata"
"249","Caulastrea tumida"
"250","Centrophorus squamosus"
"251","Centroscymnus coelolepis"
"252","Cephalopholis hemistiktos"
"253","Cephalophus adersi"
"254","Cephalophus jentinki"
"255","Cephalophus spadix"
"256","Cephalophus zebra"
"257","Ceratogymna elata"
"258","Ceratotherium simum"
"259","Cercocebus atys"
"260","Cercocebus galeritus"
"261","Cercocebus sanjei"
"262","Cercocebus torquatus"
"263","Cercopithecus diana"
"264","Cercopithecus dryas"
"265","Cercopithecus erythrogaster"
"266","Cercopithecus erythrotis"
"267","Cercopithecus hamlyni"
"268","Cercopithecus sclateri"
"269","Cetorhinus maximus"
"270","Chaenogaleus macrostoma"
"271","Chaetodon trifascialis"
"272","Charadrius pallidus"
"273","Cheilinus undulatus"
"274","Chelonodon pleurospilus"
"275","Chimaera monstrosa"
"276","Chlamydoselachus anguineus"
"277","Chlamydotis undulata"
"278","Chlorocebus djamdjamensis"
"279","Chlorocichla prigoginei"
"280","Chlorotalpa duthieae"
"281","Choeropsis liberiensis"
"282","Chrysobatrachus cupreonitens"
"283","Chrysoblephus anglicus"
"284","Chrysoblephus cristiceps"
"285","Chrysoblephus gibbiceps"
"286","Chrysoblephus laticeps"
"287","Chrysospalax trevelyani"
"288","Chrysospalax villosus"
"289","Churamiti maridadi"
"290","Circaetus beaudouini"
"291","Circaetus fasciolatus"
"292","Circus macrourus"
"293","Circus maurus"
"294","Cisticola aberdare"
"295","Clanga clanga"
"296","Clinus latipennis"
"297","Clinus spatulatus"
"298","Colobus polykomos"
"299","Colobus satanas"
"300","Colobus vellerosus"
"301","Columba albinucha"
"302","Columba malherbii"
"303","Congosorex phillipsorum"
"304","Conraua alleni"
"305","Conraua derooi"
"306","Conraua goliath"
"307","Conraua robusta"
"308","Conus allaryi"
"309","Conus belairensis"
"310","Conus bruguieresi"
"311","Conus cacao"
"312","Conus cloveri"
"313","Conus cuvieri"
"314","Conus dorotheae"
"315","Conus echinophilus"
"316","Conus guinaicus"
"317","Conus hybridus"
"318","Conus immelmani"
"319","Conus mercator"
"320","Conus nobrei"
"321","Conus tacomae"
"322","Conus taslei"
"323","Conus trencarti"
"324","Conus unifasciatus"
"325","Conus xicoi"
"326","Coracias garrulus"
"327","Coscinaraea crassa"
"328","Cossypha heinrichi"
"329","Criniger olivaceus"
"330","Crocidura allex"
"331","Crocidura ansellorum"
"332","Crocidura baileyi"
"333","Crocidura bottegoides"
"334","Crocidura buettikoferi"
"335","Crocidura desperata"
"336","Crocidura eisentrauti"
"337","Crocidura fumosa"
"338","Crocidura glassi"
"339","Crocidura grandiceps"
"340","Crocidura harenna"
"341","Crocidura kivuana"
"342","Crocidura lanosa"
"343","Crocidura macmillani"
"344","Crocidura manengubae"
"345","Crocidura nimbae"
"346","Crocidura niobe"
"347","Crocidura phaeura"
"348","Crocidura picea"
"349","Crocidura stenocephala"
"350","Crocidura tansaniana"
"351","Crocidura tarella"
"352","Crocidura telfordi"
"353","Crocidura usambarae"
"354","Crocidura wimmeri"
"355","Cryptochloris wintoni"
"356","Cryptochloris zyli"
"357","Cryptospiza shelleyi"
"358","Cyanochen cyanoptera"
"359","Cymatoceps nasutus"
"360","Cynarina lacrymalis"
"361","Cyphastrea hexasepta"
"362","Dalatias licha"
"363","Dasymys montanus"
"364","Deania quadrispinosa"
"365","Deckenia imitatrix"
"366","Deckenia mitis"
"367","Delanymys brooksi"
"368","Dendrohyrax validus"
"369","Dendromus kahuziensis"
"370","Dendromus oreas"
"371","Dendropicos stierlingi"
"372","Dentex angolensis"
"373","Desmocaris bislineata"
"374","Desmomys yaldeni"
"375","Diceros bicornis"
"376","Didynamipus sjostedti"
"377","Diomedea dabbenena"
"378","Diomedea epomophora"
"379","Diomedea exulans"
"380","Diomedea sanfordi"
"381","Diploastrea heliopora"
"382","Dipturus campbelli"
"383","Dorcatragus megalotis"
"384","Dugong dugon"
"385","Echinopora forskaliana"
"386","Echinopora fruticulosa"
"387","Echinopora mammiformis"
"388","Echinopora robusta"
"389","Egretta vinaceigula"
"390","Eidolon helvum"
"391","Electrolux addisoni"
"392","Emberiza cineracea"
"393","Encephalartos aemulans"
"394","Encephalartos altensteinii"
"395","Encephalartos aplanatus"
"396","Encephalartos arenarius"
"397","Encephalartos barteri"
"398","Encephalartos bubalinus"
"399","Encephalartos caffer"
"400","Encephalartos cerinus"
"401","Encephalartos chimanimaniensis"
"402","Encephalartos concinnus"
"403","Encephalartos cupidus"
"404","Encephalartos delucanus"
"405","Encephalartos dolomiticus"
"406","Encephalartos dyerianus"
"407","Encephalartos equatorialis"
"408","Encephalartos eugene-maraisii"
"409","Encephalartos ferox"
"410","Encephalartos friderici-guilielmi"
"411","Encephalartos ghellinckii"
"412","Encephalartos gratus"
"413","Encephalartos heenanii"
"414","Encephalartos hildebrandtii"
"415","Encephalartos horridus"
"416","Encephalartos humilis"
"417","Encephalartos inopinus"
"418","Encephalartos kanga"
"419","Encephalartos kisambo"
"420","Encephalartos laevifolius"
"421","Encephalartos lanatus"
"422","Encephalartos latifrons"
"423","Encephalartos laurentianus"
"424","Encephalartos lebomboensis"
"425","Encephalartos lehmannii"
"426","Encephalartos longifolius"
"427","Encephalartos mackenziei"
"428","Encephalartos macrostrobilus"
"429","Encephalartos manikensis"
"430","Encephalartos marunguensis"
"431","Encephalartos middelburgensis"
"432","Encephalartos msinganus"
"433","Encephalartos munchii"
"434","Encephalartos natalensis"
"435","Encephalartos ngoyanus"
"436","Encephalartos paucidentatus"
"437","Encephalartos princeps"
"438","Encephalartos pterogonus"
"439","Encephalartos schaijesii"
"440","Encephalartos schmitzii"
"441","Encephalartos sclavoi"
"442","Encephalartos senticosus"
"443","Encephalartos trispinosus"
"444","Encephalartos umbeluziensis"
"445","Encephalartos whitelockii"
"446","Epinephelus aeneus"
"447","Epinephelus albomarginatus"
"448","Epinephelus andersoni"
"449","Epinephelus coioides"
"450","Epinephelus fuscoguttatus"
"451","Epinephelus gabriellae"
"452","Epinephelus itajara"
"453","Epinephelus lanceolatus"
"454","Epinephelus malabaricus"
"455","Epinephelus marginatus"
"456","Epinephelus polylepis"
"457","Epinephelus polyphekadion"
"458","Epomophorus angolensis"
"459","Equus africanus"
"460","Equus grevyi"
"461","Equus zebra"
"462","Eremomela turneri"
"463","Ericabatrachus baleensis"
"464","Erythrastrea flabellata"
"465","Eudorcas rufifrons"
"466","Eudyptes chrysocome"
"467","Eudyptes chrysolophus"
"468","Eudyptes moseleyi"
"469","Euphyllia cristata"
"470","Euphyllia glabrescens"
"471","Euplectes jacksoni"
"472","Eupodotis caerulescens"
"473","Euryrhynchina edingtonae"
"474","Falco cherrug"
"475","Falco concolor"
"476","Falco fasciinucha"
"477","Falco vespertinus"
"478","Favia albidus"
"479","Favia helianthoides"
"480","Favia lacuna"
"481","Favia laxa"
"482","Favia lizardensis"
"483","Favia maritima"
"484","Favia matthaii"
"485","Favia maxima"
"486","Favia rotundata"
"487","Favia stelligera"
"488","Favia veroni"
"489","Favia vietnamensis"
"490","Favites abdita"
"491","Favites acuticollis"
"492","Favites chinensis"
"493","Favites complanata"
"494","Favites flexuosa"
"495","Favites halicora"
"496","Favites micropentagona"
"497","Favites paraflexuosa"
"498","Favites russelli"
"499","Favites spinosa"
"500","Favites stylifera"
"501","Favites vasta"
"502","Felis margarita"
"503","Felis nigripes"
"504","Ficedula semitorquata"
"505","Fukomys anselli"
"506","Fukomys kafuensis"
"507","Fungia curvata"
"508","Fungia fungites"
"509","Galaxea astreata"
"510","Galaxea fascicularis"
"511","Galeocerdo cuvier"
"512","Galeorhinus galeus"
"513","Gallinago media"
"514","Gazella dorcas"
"515","Gazella spekei"
"516","Genetta bourloni"
"517","Genetta cristata"
"518","Genetta johnstoni"
"519","Geronticus calvus"
"520","Geronticus eremita"
"521","Glareola nordmanni"
"522","Glareola ocularis"
"523","Glaucidium albertinum"
"524","Glaucostegus cemiculus"
"525","Globonautes macropus"
"526","Goniastrea columella"
"527","Goniastrea deformis"
"528","Goniastrea favulus"
"529","Goniastrea minuta"
"530","Goniastrea palauensis"
"531","Goniastrea peresi"
"532","Goniastrea thecata"
"533","Goniopora albiconus"
"534","Goniopora burgosi"
"535","Goniopora columna"
"536","Goniopora lobata"
"537","Goniopora minor"
"538","Goniopora planulata"
"539","Goniopora stokesi"
"540","Goniopora tenella"
"541","Gorilla beringei"
"542","Gorilla gorilla"
"543","Grammomys dryas"
"544","Grammomys gigas"
"545","Grammomys minnae"
"546","Gymnura altavela"
"547","Gymnura poecilura"
"548","Gypaetus barbatus"
"549","Gyps africanus"
"550","Gyps coprotheres"
"551","Gyps rueppelli"
"552","Haematopus moquini"
"553","Haploblepharus edwardsii"
"554","Haploblepharus fuscus"
"555","Haploblepharus kistnasamyi"
"556","Heleophryne hewitti"
"557","Heleophryne rosei"
"558","Heliopora coerulea"
"559","Hemipristis elongata"
"560","Hemisus guttatus"
"561","Hemitragus jemlahicus"
"562","Heptranchias perlo"
"563","Heteromirafra archeri"
"564","Heteromirafra ruddi"
"565","Heteronarce garmani"
"566","Heterotetrax humilis"
"567","Hexanchus griseus"
"568","Himantura uarnak"
"569","Hippopotamus amphibius"
"570","Hipposideros curtus"
"571","Hipposideros jonesi"
"572","Hipposideros lamottei"
"573","Hipposideros marisae"
"574","Hirundo atrocaerulea"
"575","Hirundo megaensis"
"576","Holohalaelurus favus"
"577","Holohalaelurus punctatus"
"578","Hoplophryne rogersi"
"579","Hoplophryne uluguruensis"
"580","Horastrea indica"
"581","Hyaena hyaena"
"582","Hybomys badius"
"583","Hybomys basilii"
"584","Hybomys lunaris"
"585","Hydnophora exesa"
"586","Hydnophora microconos"
"587","Hydrictis maculicollis"
"588","Hydrobates matsudairae"
"589","Hydrobates monorhis"
"590","Hydrolagus mirabilis"
"591","Hyliota usambara"
"592","Hylomyscus baeri"
"593","Hylomyscus grandis"
"594","Hyperolius acutirostris"
"595","Hyperolius ademetzi"
"596","Hyperolius bobirensis"
"597","Hyperolius bopeleti"
"598","Hyperolius chlorosteus"
"599","Hyperolius chrysogaster"
"600","Hyperolius constellatus"
"601","Hyperolius cystocandicans"
"602","Hyperolius dintelmanni"
"603","Hyperolius endjami"
"604","Hyperolius kihangensis"
"605","Hyperolius laurenti"
"606","Hyperolius leleupi"
"607","Hyperolius leucotaenius"
"608","Hyperolius minutissimus"
"609","Hyperolius nienokouensis"
"610","Hyperolius nimbae"
"611","Hyperolius pickersgilli"
"612","Hyperolius puncticulatus"
"613","Hyperolius riggenbachi"
"614","Hyperolius rubrovermiculatus"
"615","Hyperolius tanneri"
"616","Hyperolius torrentis"
"617","Hyperolius viridigulosus"
"618","Hyperolius watsonae"
"619","Hyperolius zonatus"
"620","Hypogaleus hyugaensis"
"621","Illadopsis rufescens"
"622","Indicator pumilio"
"623","Isopora brueggemanni"
"624","Isopora crateriformis"
"625","Isopora cuneata"
"626","Isopora palifera"
"627","Isurus oxyrinchus"
"628","Isurus paucus"
"629","Kajikia albida"
"630","Kajikia audax"
"631","Kassina arboricola"
"632","Kassina cochranae"
"633","Kassina jozani"
"634","Kassina lamottei"
"635","Kerivoula africana"
"636","Kinyongia asheorum"
"637","Kinyongia boehmei"
"638","Kinyongia carpenteri"
"639","Kinyongia excubitor"
"640","Kinyongia fischeri"
"641","Kinyongia magomberae"
"642","Kinyongia matschiei"
"643","Kinyongia multituberculata"
"644","Kinyongia oxyrhina"
"645","Kinyongia tavetana"
"646","Kinyongia tenuis"
"647","Kinyongia vosseleri"
"648","Kinyongia xenorhina"
"649","Kobus megaceros"
"650","Kobus vardonii"
"651","Kupeornis chapini"
"652","Kupeornis gilberti"
"653","Kupeornis rufocinctus"
"654","Lamna nasus"
"655","Lamottemys okuensis"
"656","Laniarius amboimensis"
"657","Laniarius brauni"
"658","Laniarius mufumbiri"
"659","Lanzarana largeni"
"660","Larus audouinii"
"661","Larus leucophthalmus"
"662","Leptastrea bottae"
"663","Leptastrea inaequalis"
"664","Leptocharias smithii"
"665","Leptodactylodon albiventris"
"666","Leptodactylodon axillaris"
"667","Leptodactylodon bicolor"
"668","Leptodactylodon boulengeri"
"669","Leptodactylodon bueanus"
"670","Leptodactylodon erythrogaster"
"671","Leptodactylodon mertensi"
"672","Leptodactylodon ornatus"
"673","Leptodactylodon ovatus"
"674","Leptodactylodon perreti"
"675","Leptodactylodon polyacanthus"
"676","Leptodactylodon stevarti"
"677","Leptodactylodon ventrimarmoratus"
"678","Leptodactylodon wildi"
"679","Leptopelis karissimbensis"
"680","Leptopelis kivuensis"
"681","Leptopelis macrotis"
"682","Leptopelis occidentalis"
"683","Leptopelis parkeri"
"684","Leptopelis ragazzii"
"685","Leptopelis susanae"
"686","Leptopelis uluguruensis"
"687","Leptopelis vermiculatus"
"688","Leptopelis xenodactylus"
"689","Leptopelis yaldeni"
"690","Leptopelis zebra"
"691","Leptoria irregularis"
"692","Leptoria phrygia"
"693","Leptoseris incrustans"
"694","Leptoseris yabei"
"695","Liberiictis kuhni"
"696","Liberonautes grandbassa"
"697","Liberonautes lugbe"
"698","Liberonautes nanoides"
"699","Liberonautes nimba"
"700","Liberonautes rubigimanus"
"701","Limnodromus semipalmatus"
"702","Limosa limosa"
"703","Lithognathus aureti"
"704","Lithognathus lithognathus"
"705","Litocranius walleri"
"706","Lophocebus aterrimus"
"707","Lophuromys brevicaudus"
"708","Lophuromys dieterleni"
"709","Lophuromys eisentrauti"
"710","Lophuromys medicaudatus"
"711","Lophuromys melanonyx"
"712","Lophuromys rahmi"
"713","Loxodonta africana"
"714","Lybius chaplini"
"715","Lybius rubrifacies"
"716","Lycaon pictus"
"717","Macrobrachium scorteccii"
"718","Macronyx flavicollis"
"719","Macronyx sharpei"
"720","Macrosphenus pulitzeri"
"721","Makaira nigricans"
"722","Malaconotus alius"
"723","Malaconotus gladiator"
"724","Malaconotus lagdeni"
"725","Malaconotus monteiri"
"726","Malimbus ballmanni"
"727","Malimbus ibadanensis"
"728","Mandrillus leucophaeus"
"729","Mandrillus sphinx"
"730","Marmaronetta angustirostris"
"731","Mastomys awashensis"
"732","Megalops atlanticus"
"733","Melaenornis annamarulae"
"734","Merops mentalis"
"735","Mertensophryne anotis"
"736","Mertensophryne howelli"
"737","Mertensophryne nyikae"
"738","Mertensophryne usambarae"
"739","Mertensophryne uzunguensis"
"740","Microbatrachella capensis"
"741","Microcarbo coronatus"
"742","Micromussa amakusensis"
"743","Micropotamogale lamottei"
"744","Micropotamogale ruwenzorii"
"745","Milvus milvus"
"746","Mirafra cheniana"
"747","Mobula mobular"
"748","Mobula thurstoni"
"749","Monachus monachus"
"750","Montastrea annuligera"
"751","Montastrea colemani"
"752","Montastrea magnistellata"
"753","Montastrea serageldini"
"754","Montastrea valenciennesi"
"755","Montipora australiensis"
"756","Montipora calcarea"
"757","Montipora caliculata"
"758","Montipora cocosensis"
"759","Montipora cryptus"
"760","Montipora efflorescens"
"761","Montipora effusa"
"762","Montipora foliosa"
"763","Montipora foveolata"
"764","Montipora friabilis"
"765","Montipora lobulata"
"766","Montipora meandrina"
"767","Montipora niugini"
"768","Montipora nodosa"
"769","Montipora orientalis"
"770","Montipora peltiformis"
"771","Montipora saudii"
"772","Montipora stilosa"
"773","Montipora undata"
"774","Montipora venosa"
"775","Mops petersoni"
"776","Morerella cyanophthalma"
"777","Morus capensis"
"778","Mustelus mustelus"
"779","Myonycteris relicta"
"780","Myosorex babaulti"
"781","Myosorex blarina"
"782","Myosorex eisentrauti"
"783","Myosorex geata"
"784","Myosorex kihaulei"
"785","Myosorex longicaudatus"
"786","Myosorex okuensis"
"787","Myosorex rumpii"
"788","Myosorex sclateri"
"789","Myosorex zinki"
"790","Myotis scotti"
"791","Mystromys albicaudatus"
"792","Nadzikambia baylissi"
"793","Nadzikambia mlanjensis"
"794","Nanger dama"
"795","Nanger soemmerringii"
"796","Natalobatrachus bonebergi"
"797","Neamblysomus gunningi"
"798","Neamblysomus julianae"
"799","Nebrius ferrugineus"
"800","Necrosyrtes monachus"
"801","Nectophrynoides cryptus"
"802","Nectophrynoides laticeps"
"803","Nectophrynoides minutus"
"804","Nectophrynoides paulae"
"805","Nectophrynoides poyntoni"
"806","Nectophrynoides pseudotornieri"
"807","Nectophrynoides vestergaardi"
"808","Nectophrynoides viviparus"
"809","Nectophrynoides wendyae"
"810","Negaprion acutidens"
"811","Negaprion brevirostris"
"812","Neophron percnopterus"
"813","Neoromicia brunnea"
"814","Neotis denhami"
"815","Neotis ludwigii"
"816","Neotis nuba"
"817","Nilopegamys plumbeus"
"818","Nimbaphrynoides occidentalis"
"819","Nothophryne broadleyi"
"820","Numenius arquata"
"821","Odontaspis ferox"
"822","Odontobatrachus natator"
"823","Okapia johnstoni"
"824","Oryctolagus cuniculus"
"825","Oryx beisa"
"826","Otomops martiensseni"
"827","Otomys barbouri"
"828","Otomys burtoni"
"829","Otomys lacustris"
"830","Otomys occidentalis"
"831","Otus feae"
"832","Otus ireneae"
"833","Otus pembaensis"
"834","Oulophyllia bennettae"
"835","Oulophyllia crispa"
"836","Oxynotus centrina"
"837","Oxyura maccoa"
"838","Pachymetopon grande"
"839","Pachyseris rugosa"
"840","Pan paniscus"
"841","Pan troglodytes"
"842","Panthera leo"
"843","Panthera pardus"
"844","Papio papio"
"845","Parablennius lodosus"
"846","Paracassina kounhiensis"
"847","Paracrocidura maxima"
"848","Parahyaena brunnea"
"849","Parasimplastrea sheppardi"
"850","Paraxerus vexillarius"
"851","Paraxerus vincenti"
"852","Parhoplophryne usambarica"
"853","Parmoptila rubrifrons"
"854","Pavona bipartita"
"855","Pavona cactus"
"856","Pavona danai"
"857","Pavona decussata"
"858","Pavona diffluens"
"859","Pavona venosa"
"860","Pectinia africanus"
"861","Pectinia lactuca"
"862","Petropedetes cameronensis"
"863","Petropedetes johnstoni"
"864","Petropedetes palmipes"
"865","Petropedetes perreti"
"866","Petrus rupestris"
"867","Phalacrocorax capensis"
"868","Phalacrocorax neglectus"
"869","Phalacrocorax nigrogularis"
"870","Phataginus tetradactyla"
"871","Phataginus tricuspis"
"872","Phlyctimantis keithae"
"873","Phodilus prigoginei"
"874","Phoebetria fusca"
"875","Phoebetria palpebrata"
"876","Phoeniconaias minor"
"877","Phrynobatrachus acutirostris"
"878","Phrynobatrachus alleni"
"879","Phrynobatrachus annulatus"
"880","Phrynobatrachus bequaerti"
"881","Phrynobatrachus chukuchuku"
"882","Phrynobatrachus cricogaster"
"883","Phrynobatrachus ghanensis"
"884","Phrynobatrachus guineensis"
"885","Phrynobatrachus intermedius"
"886","Phrynobatrachus irangi"
"887","Phrynobatrachus krefftii"
"888","Phrynobatrachus liberiensis"
"889","Phrynobatrachus pakenhami"
"890","Phrynobatrachus phyllophilus"
"891","Phrynobatrachus pintoi"
"892","Phrynobatrachus steindachneri"
"893","Phrynobatrachus ungujae"
"894","Phrynobatrachus uzungwensis"
"895","Phrynobatrachus versicolor"
"896","Phrynobatrachus villiersi"
"897","Phyllastrephus poliocephalus"
"898","Physeter macrocephalus"
"899","Physogyra lichtensteini"
"900","Picathartes gymnocephalus"
"901","Picathartes oreas"
"902","Platygyra acuta"
"903","Platygyra carnosus"
"904","Platygyra crosslandi"
"905","Platygyra lamellina"
"906","Platygyra ryukyuensis"
"907","Platysteira albifrons"
"908","Platysteira laticincta"
"909","Plectropomus areolatus"
"910","Plectropomus laevis"
"911","Plectropomus pessuliferus"
"912","Plerogyra sinuosa"
"913","Plesiastrea devantieri"
"914","Pliotrema warreni"
"915","Ploceus aureonucha"
"916","Ploceus bannermani"
"917","Ploceus batesi"
"918","Ploceus burnieri"
"919","Ploceus flavipes"
"920","Ploceus golandi"
"921","Ploceus nicolli"
"922","Ploceus olivaceiceps"
"923","Ploceus spekeoides"
"924","Ploceus subpersonatus"
"925","Pocillopora eydouxi"
"926","Pocillopora indiania"
"927","Podabacia motuporensis"
"928","Podocarpus henkelii"
"929","Polemaetus bellicosus"
"930","Poliolais lopezi"
"931","Polysteganus praeorbitalis"
"932","Polysteganus undulosus"
"933","Porites cylindrica"
"934","Porites echinulata"
"935","Porites harrisoni"
"936","Porites lobata"
"937","Porites murrayensis"
"938","Porites nigrescens"
"939","Porites sillimaniana"
"940","Porites somaliensis"
"941","Porites stephensoni"
"942","Poritipora paliformis"
"943","Poroderma africanum"
"944","Potamalpheops haugi"
"945","Potamonautes choloensis"
"946","Potamonautes gerdalensis"
"947","Potamonautes gonocristatus"
"948","Potamonautes idjiwiensis"
"949","Potamonautes ignestii"
"950","Potamonautes infravallatus"
"951","Potamonautes lividus"
"952","Potamonautes montivagus"
"953","Potamonautes mutandensis"
"954","Potamonautes pilosus"
"955","Potamonautes platycentron"
"956","Potamonautes raybouldi"
"957","Potamonautes reidi"
"958","Potamonautes triangulus"
"959","Potamonautes unisulcatus"
"960","Potamonautes xiphoidus"
"961","Potamonemus sachsi"
"962","Poyntonia paludicola"
"963","Praomys degraaffi"
"964","Praomys hartwigi"
"965","Praomys morio"
"966","Praomys obscurus"
"967","Prionace glauca"
"968","Prionops alberti"
"969","Prionops gabela"
"970","Prionops poliolophus"
"971","Pristis pectinata"
"972","Pristis pristis"
"973","Pristis zijsron"
"974","Probreviceps durirostris"
"975","Probreviceps loveridgei"
"976","Probreviceps macrodactylus"
"977","Probreviceps rhodesianus"
"978","Probreviceps rungwensis"
"979","Probreviceps uluguruensis"
"980","Procellaria aequinoctialis"
"981","Procellaria cinerea"
"982","Procellaria conspicillata"
"983","Psammocora contigua"
"984","Psammocora digitata"
"985","Psammocora obtusangula"
"986","Pseudocalyptomena graueri"
"987","Pseudocarcharias kamoharai"
"988","Pseudoginglymostoma brevicaudatum"
"989","Pseudosiderastrea tayami"
"990","Psittacus erithacus"
"991","Psittacus timneh"
"992","Pternistis camerunensis"
"993","Pternistis harwoodi"
"994","Pternistis ochropectus"
"995","Pternistis swierstrai"
"996","Pterodroma baraui"
"997","Pterodroma deserta"
"998","Pterodroma feae"
"999","Pterodroma incerta"
"1000","Pteropus voeltzkowi"
"1001","Ptilopachus nahani"
"1002","Ptychadena broadleyi"
"1003","Ptychadena erlangeri"
"1004","Ptychadena nana"
"1005","Ptychadena superciliaris"
"1006","Pygoscelis papua"
"1007","Raja clavata"
"1008","Raja undulata"
"1009","Rajella caudaspinosa"
"1010","Rhabdosargus globiceps"
"1011","Rhampholeon acuminatus"
"1012","Rhampholeon bruessoworum"
"1013","Rhampholeon chapmanorum"
"1014","Rhampholeon marshalli"
"1015","Rhampholeon maspictus"
"1016","Rhampholeon nebulauctor"
"1017","Rhampholeon platyceps"
"1018","Rhampholeon spinosus"
"1019","Rhampholeon temporalis"
"1020","Rhampholeon tilburyi"
"1021","Rhampholeon viridis"
"1022","Rhina ancylostoma"
"1023","Rhincodon typus"
"1024","Rhinobatos albomaculatus"
"1025","Rhinobatos irvinei"
"1026","Rhinobatos rhinobatos"
"1027","Rhinolophus deckenii"
"1028","Rhinolophus guineensis"
"1029","Rhinolophus hilli"
"1030","Rhinolophus hillorum"
"1031","Rhinolophus maclaudi"
"1032","Rhinolophus ruwenzorii"
"1033","Rhinolophus ziama"
"1034","Rhinoptera marginata"
"1035","Rhynchobatus australiae"
"1036","Rhynchobatus djiddensis"
"1037","Rhynchobatus luebberti"
"1038","Rhynchocyon chrysopygus"
"1039","Rhynchocyon cirnei"
"1040","Rhynchocyon petersi"
"1041","Rhynchocyon udzungwensis"
"1042","Rhynchostruthus louisae"
"1043","Rostroraja alba"
"1044","Rougetius rougetii"
"1045","Rungwecebus kipunji"
"1046","Rusa unicolor"
"1047","Ruwenzorisorex suncoides"
"1048","Rynchops flavirostris"
"1049","Sagittarius serpentarius"
"1050","Sarothrura ayresi"
"1051","Scleroptila elgonensis"
"1052","Scleroptila psilolaema"
"1053","Scleroptila streptophora"
"1054","Scomberomorus commerson"
"1055","Scotonycteris ophiodon"
"1056","Scotopelia ussheri"
"1057","Scyliorhinus capensis"
"1058","Scylliogaleus quecketti"
"1059","Seriatopora caliendrum"
"1060","Sheppardia aurantiithorax"
"1061","Sheppardia gabela"
"1062","Sheppardia gunningi"
"1063","Sheppardia lowei"
"1064","Sheppardia montana"
"1065","Smutsia gigantea"
"1066","Smutsia temminckii"
"1067","Sousa teuszii"
"1068","Sparodon durbanensis"
"1069","Spheniscus demersus"
"1070","Sphyrna lewini"
"1071","Sphyrna mokarran"
"1072","Sphyrna zygaena"
"1073","Spizocorys fringillaris"
"1074","Spizocorys sclateri"
"1075","Squalus acanthias"
"1076","Squatina aculeata"
"1077","Squatina oculata"
"1078","Stangeria eriopus"
"1079","Stephanoaetus coronatus"
"1080","Sterna virgata"
"1081","Sternula balaenarum"
"1082","Streptopelia reichenowi"
"1083","Strongylopus kitumbeine"
"1084","Strongylopus rhodesianus"
"1085","Struthio molybdophanes"
"1086","Stylophora pistillata"
"1087","Stylophora wellsi"
"1088","Suncus aequatorius"
"1089","Surdisorex norae"
"1090","Surdisorex polulus"
"1091","Swynnertonia swynnertoni"
"1092","Sylvisorex camerunensis"
"1093","Sylvisorex howelli"
"1094","Sylvisorex isabellae"
"1095","Sylvisorex lunaris"
"1096","Sylvisorex morio"
"1097","Sylvisorex vulcanorum"
"1098","Symphyllia hassi"
"1099","Tachyoryctes macrocephalus"
"1100","Taeniura lymma"
"1101","Taeniurops meyeni"
"1102","Taphozous hildegardeae"
"1103","Tauraco bannermani"
"1104","Tauraco fischeri"
"1105","Tauraco ruspolii"
"1106","Terathopius ecaudatus"
"1107","Terpsiphone bedfordi"
"1108","Tetraodon pustulatus"
"1109","Thalassarche bulleri"
"1110","Thalassarche carteri"
"1111","Thalassarche cauta"
"1112","Thalassarche chlororhynchos"
"1113","Thalassarche chrysostoma"
"1114","Thalassarche melanophris"
"1115","Thalassarche salvini"
"1116","Thalassarche steadi"
"1117","Thamnomys kempi"
"1118","Thamnomys venustus"
"1119","Thunnus alalunga"
"1120","Thunnus albacares"
"1121","Thunnus maccoyii"
"1122","Thunnus obesus"
"1123","Thunnus thynnus"
"1124","Torgos tracheliotos"
"1125","Trachyphyllia geoffroyi"
"1126","Tragelaphus buxtoni"
"1127","Tragelaphus eurycerus"
"1128","Tragelaphus imberbis"
"1129","Treron pembaensis"
"1130","Triaenodon obesus"
"1131","Triakis megalopterus"
"1132","Trichechus senegalensis"
"1133","Trigonoceps occipitalis"
"1134","Trioceros balebicornutus"
"1135","Trioceros feae"
"1136","Trioceros hanangensis"
"1137","Trioceros kinangopensis"
"1138","Trioceros laterispinis"
"1139","Trioceros marsabitensis"
"1140","Trioceros montium"
"1141","Trioceros narraioca"
"1142","Trioceros schubotzi"
"1143","Turbinaria mesenterina"
"1144","Turbinaria peltata"
"1145","Turbinaria reniformis"
"1146","Turbinaria stellulata"
"1147","Turdoides hindei"
"1148","Turdus helleri"
"1149","Turdus ludoviciae"
"1150","Turnix hottentottus"
"1151","Urogymnus asperrimus"
"1152","Vandijkophrynus amatolicus"
"1153","Vandijkophrynus inyangae"
"1154","Vanellus gregarius"
"1155","Werneria bambutensis"
"1156","Werneria iboundji"
"1157","Werneria mertensiana"
"1158","Werneria preussi"
"1159","Werneria submontana"
"1160","Werneria tandyi"
"1161","Widdringtonia cedarbergensis"
"1162","Widdringtonia schwarzii"
"1163","Widdringtonia whytei"
"1164","Wolterstorffina chirioi"
"1165","Wolterstorffina mirei"
"1166","Wolterstorffina parvipalmata"
"1167","Xenoperdix udzungwensis"
"1168","Xenopus amieti"
"1169","Xenopus gilli"
"1170","Xenopus itombwensis"
"1171","Xenopus largeni"
"1172","Xenopus longipes"
"1173","Zavattariornis stresemanni"
"1174","Zostera capensis"
"1175","Zosterops griseovirescens"
